{
    "install": "messages/install.txt",
    "1.5.1": "messages/1.5.1.txt",
    "1.5.2": "messages/1.5.2.txt",
    "1.5.3": "messages/1.5.3.txt",
    "1.5.4": "messages/1.5.4.txt",
    "1.5.5": "messages/1.5.5.txt",
    "1.5.6": "messages/1.5.6.txt",
    "1.5.7": "messages/1.5.7.txt",
    "1.6.0": "messages/1.6.0.txt",
    "1.6.1": "messages/1.6.1.txt",
    "1.6.2": "messages/1.6.2.txt",
    "1.6.3": "messages/1.6.3.txt",
    "1.6.4": "messages/1.6.4.txt",
    "1.6.5": "messages/1.6.5.txt",
    "1.6.6": "messages/1.6.6.txt",
    "1.6.7": "messages/1.6.7.txt",
    "1.6.8": "messages/1.6.8.txt",
    "1.6.9": "messages/1.6.9.txt",
    "1.6.10": "messages/1.6.10.txt",
    "1.6.11": "messages/1.6.11.txt",
    "1.6.12": "messages/1.6.12.txt",
    "1.6.13": "messages/1.6.13.txt",
    "1.7.0": "messages/1.7.0.txt",
    "1.7.1": "messages/1.7.1.txt",
    "1.7.2": "messages/1.7.2.txt",
    "1.7.2+1": "messages/SublimeLinter3.txt",
    "1.7.2+3": "messages/SublimeLinter3-update1.txt",
    "1.7.2+4": "messages/SublimeLinter3-update2.txt",
    "1.7.2+5": "messages/SublimeLinter3-update3.txt"
}
