[

//
// STANDARD TEXT BUTTONS 
//

// Default button state
{
    "class": "button_control",
    "content_margin": 9,
    "min_size": [60,0],
    "layer0.texture": "",
    "layer0.opacity": 1,
    "layer0.tint": [180,180,180],
    "layer0.inner_margin": [6,6]
},
// Hover button state
{
    "class": "button_control",
    "attributes": ["hover"],
    "layer0.tint": {{green}}
},
{
    "class": "button_control",
    "attributes": ["hover"],
    "settings": ["centurion_color_red"],
    "layer0.tint": {{red}}
},
{
    "class": "button_control",
    "attributes": ["hover"],
    "settings": ["centurion_color_blue"],
    "layer0.tint": {{blue}}
},
{
    "class": "button_control",
    "attributes": ["hover"],
    "settings": ["centurion_color_yellow"],
    "layer0.tint": {{yellow}}
},
{
    "class": "button_control",
    "attributes": ["hover"],
    "settings": ["centurion_color_orange"],
    "layer0.tint": {{orange}}
},
{
    "class": "button_control",
    "attributes": ["hover"],
    "settings": ["centurion_color_grey"],
    "layer0.tint": {{grey}}
},


// Pressed button state
{
    "class": "button_control",
    "attributes": ["pressed"],
    "layer0.opacty": 0
},


//
// BOTTOM PANEL BUTTONS
//

// Button group middle
{
    "class": "icon_button_control",
    "layer1.tint":[180,180,180],
    "layer1.opacity":1,
    "content_margin": 7
},
{
    "class": "icon_button_control",
    "attributes": ["selected"],
    "layer0.texture": "",
    "layer1.tint":[100,100,100]
},

{
    "class": "icon_button_control",
    "attributes": ["hover"],
    "layer1.tint":{{green}}
},
{
    "class": "icon_button_control",
    "attributes": ["hover"],
    "settings": ["centurion_color_red"],
    "layer1.tint": {{red}}
},
{
    "class": "icon_button_control",
    "attributes": ["hover"],
    "settings": ["centurion_color_blue"],
    "layer1.tint": {{blue}}
},
{
    "class": "icon_button_control",
    "attributes": ["hover"],
    "settings": ["centurion_color_yellow"],
    "layer1.tint": {{yellow}}
},
{
    "class": "icon_button_control",
    "attributes": ["hover"],
    "settings": ["centurion_color_orange"],
    "layer1.tint": {{orange}}
},
{
    "class": "icon_button_control",
    "attributes": ["hover"],
    "settings": ["centurion_color_grey"],
    "layer1.tint": {{grey}}
},



//
// BOTTOM PANEL ICONS - GROUP 1
//

// Regex search button
{
    "class": "icon_regex",
    "layer0.texture": "{{folderName}}/Centurion/asterisk.png",
    "layer0.opacity": 0.5,
    "content_margin": 9

},
{
    "class": "icon_regex",
    "parents": [{"class": "icon_button_control","attributes": ["selected"]}],
    "layer0.opacity": 1
},
// Case sensitive search button
{
    "class": "icon_case",
    "layer0.texture": "{{folderName}}/Centurion/capital.png",
    "layer0.opacity": 0.5,
    "content_margin": 9
},
{
    "class": "icon_case",
    "parents": [{"class": "icon_button_control","attributes": ["selected"]}],
    "layer0.opacity": 1
},
// Match whole word search button
{
    "class": "icon_whole_word",
    "layer0.texture": "{{folderName}}/Centurion/quotes.png",
    "layer0.opacity": 0.5,
    "content_margin": 9
},
{
    "class": "icon_whole_word",
    "parents": [{"class": "icon_button_control","attributes": ["selected"]}],
    "layer0.opacity": 1
},

//
// BOTTOM PANEL ICONS - GROUP 1 (EXTENDED: FIND IN FILES)
//

// Show search context button
{
    "class": "icon_context",
    "layer0.texture": "{{folderName}}/Centurion/selection.png",
    "layer0.opacity": 0.5,
    "content_margin": 9
},
{
    "class": "icon_context",
    "parents": [{"class": "icon_button_control","attributes": ["selected"]}],
    "layer0.opacity": 1
},
// Use search buffer
{
    "class": "icon_use_buffer",
    "layer0.texture": "{{folderName}}/Centurion/page.png",
    "layer0.opacity": 0.5,
    "content_margin": 9
},
{
    "class": "icon_use_buffer",
    "parents": [{"class": "icon_button_control","attributes": ["selected"]}],
    "layer0.opacity": 1
},

//
// BOTTOM PANEL ICONS - GROUP 2
//

// Reverse search direction button (ST2 only)
{
    "class": "icon_reverse",
    "layer0.texture": "{{folderName}}/Centurion/reverse.png",
    "layer0.opacity": 0.5,
    "content_margin": 9
},
{
    "class": "icon_reverse",
    "parents": [{"class": "icon_button_control","attributes": ["selected"]}],
    "layer0.opacity": 1
},
// Search wrap button
{
    "class": "icon_wrap",
    "layer0.texture": "{{folderName}}/Centurion/wrap.png",
    "layer0.opacity": 0.5,
    "content_margin": 9
},
{
    "class": "icon_wrap",
    "parents": [{"class": "icon_button_control","attributes": ["selected"]}],
    "layer0.opacity": 1
},
// Search in selection button
{
    "class": "icon_in_selection",
    "layer0.texture": "{{folderName}}/Centurion/selection.png",
    "layer0.opacity": 0.5,
    "content_margin": 9
},
{
    "class": "icon_in_selection",
    "parents": [{"class": "icon_button_control","attributes": ["selected"]}],
    "layer0.opacity": 1
},

//
// BOTTOM PANEL ICONS - GROUP 3
//

// Preserve case button
{
    "class": "icon_preserve_case",
    "layer0.texture": "{{folderName}}/Centurion/capital.png",
    "layer0.opacity": 0.5,
    "content_margin": 9
},
{
    "class": "icon_preserve_case",
    "parents": [{"class": "icon_button_control","attributes": ["selected"]}],
    "layer0.opacity": 1
},

//
// BOTTOM PANEL ICONS - GROUP 4
//

// Highlight results button
{
    "class": "icon_highlight",
    "layer0.texture": "{{folderName}}/Centurion/highlight.png",
    "layer0.opacity": 0.5,
    "content_margin": 9
},
{
    "class": "icon_highlight",
    "parents": [{"class": "icon_button_control","attributes": ["selected"]}],
    "layer0.opacity": 1
},


//
// CODE COMPLETION DROPDOWN
//

{
    "class": "popup_control",
    "content_margin": [0,0],
    "layer0.tint": [200,200,200],
    "layer0.opacity": 1
},
{
    "class": "auto_complete",
    "row_padding": [4,2]
},
{
    "class": "auto_complete_label",
    "fg": [100,100,100],
    "match_fg": [255,255,255],
    "selected_fg": [255,255,255],
    "selected_match_fg": [255,255,255]
},
{
    "class": "table_row",
    "layer0.texture": "",
    "layer0.tint":{{green}},
    "layer0.opacity": 0,
    "layer0.inner_margin": [3,1]
},
{
    "class": "table_row",
    "settings": ["centurion_color_red"],
    "layer0.tint": {{red}}
},
{
    "class": "table_row",
    "settings": ["centurion_color_blue"],
    "layer0.tint": {{blue}}
},
{
    "class": "table_row",
    "settings": ["centurion_color_yellow"],
    "layer0.tint": {{yellow}}
},
{
    "class": "table_row",
    "settings": ["centurion_color_orange"],
    "layer0.tint": {{orange}}
},
{
    "class": "table_row",
    "settings": ["centurion_color_grey"],
    "layer0.tint": {{grey}}
},

{
    "class": "table_row",
    "attributes": ["selected"],
    "layer0.opacity": 1
}


,
// FOLD BUTTONS

{
    "class": "fold_button_control",
    "layer0.texture": "{{folderName}}/Centurion/arrow.png",
    "layer0.opacity": 0.4,
    "layer0.inner_margin": 0,
    "content_margin": [8,8]
},
{
    "class": "fold_button_control",
    "attributes": ["hover"],
    "layer0.opacity": 0.8
},
{
    "class": "fold_button_control",
    "attributes": ["expanded"],
    "layer0.texture": "{{folderName}}/Centurion/arrow-down.png"
},
{
    "class": "fold_button_control",
    "attributes": ["expanded","hover"]
}
,


// Quick panel background
{
    "class": "overlay_control",
    "layer0.opacity": 1,
    "layer1.tint": [200,200,200],
    "layer1.inner_margin": 0,
    "layer1.opacity": 1,
    "content_margin": 0
},

//
// QUICK PANEL
//

{
    "class": "quick_panel",
    "row_padding": 8,
    "layer0.tint": [200,200,200],
    "layer0.opacity": 1
    //"dark_content": true
},
{
    "class": "quick_panel_row",
    "layer0.texture": "",
    "layer0.tint": [200,200,200],
    "layer0.inner_margin": 8,
    "layer0.opacity": 1
},
{
    "class": "quick_panel_row",
    "attributes": ["selected"],
    "layer0.texture": "",
    "layer0.tint": {{green}}
},
{
    "class": "quick_panel_row",
    "attributes": ["selected"],
    "settings": ["centurion_color_red"],
    "layer0.tint": {{red}}
},
{
    "class": "quick_panel_row",
    "attributes": ["selected"],
    "settings": ["centurion_color_blue"],
    "layer0.tint": {{blue}}
},
{
    "class": "quick_panel_row",
    "attributes": ["selected"],
    "settings": ["centurion_color_yellow"],
    "layer0.tint": {{yellow}}
},
{
    "class": "quick_panel_row",
    "attributes": ["selected"],
    "settings": ["centurion_color_orange"],
    "layer0.tint": {{orange}}
},
{
    "class": "quick_panel_row",
    "attributes": ["selected"],
    "settings": ["centurion_color_grey"],
    "layer0.tint": {{grey}}
},

{
    "class": "quick_panel_label",
    "fg": [100,100,100],
    "match_fg": [255, 255, 255, 0],
    "selected_fg": [255,255,255],
    "selected_match_fg": [80, 80, 80]
},

{
    "class": "quick_panel_path_label",
    "fg": [130,130,130,0],
    "match_fg": [220,220,220],
    "selected_fg": [80, 80, 80],
    "selected_match_fg": [255,255,255]
},
{
    "class": "quick_panel_score_label",
    "fg": [150,150,150],
    "selected_fg": [255,255,255]
},

//
// MINI QUICK PANEL
//

{
    "class": "mini_quick_panel_row",
    "layer0.texture": "",
    "layer0.tint": [200,200,200],
    "layer0.opacity": 1
},
{
    "class": "mini_quick_panel_row",
    "attributes": ["selected"],
    "layer0.texture": "",
    "layer0.tint": {{green}}
},
{
    "class": "mini_quick_panel_row",
    "attributes": ["selected"],
    "settings": ["centurion_color_red"],
    "layer0.tint": {{red}}
},
{
    "class": "mini_quick_panel_row",
    "attributes": ["selected"],
    "settings": ["centurion_color_blue"],
    "layer0.tint": {{blue}}
},
{
    "class": "mini_quick_panel_row",
    "attributes": ["selected"],
    "settings": ["centurion_color_yellow"],
    "layer0.tint": {{yellow}}
},
{
    "class": "mini_quick_panel_row",
    "attributes": ["selected"],
    "settings": ["centurion_color_orange"],
    "layer0.tint": {{orange}}
},
{
    "class": "mini_quick_panel_row",
    "attributes": ["selected"],
    "settings": ["centurion_color_grey"],
    "layer0.tint": {{grey}}
},

//
// STANDARD SCROLLBARS
//

// Standard vertical scroll bar
{
    "class": "scroll_bar_control",
    "layer0.texture": "",
    "layer0.tint":[200,200,200],
    "layer0.opacity": 1,
    "layer0.inner_margin": [0,0],
    "blur": false
},
// Standard horizontal scroll bar
{
    "class": "scroll_bar_control",
    "attributes": ["horizontal"],
    "layer0.texture": "",
    "layer0.tint":[200,200,200],
    "layer0.inner_margin": [0,0],
    "blur": false
},
// Standard scroll bar corner
{
    "class": "scroll_corner_control",
    "layer0.texture": "",
    "layer0.tint":[200,200,200],
    "layer0.inner_margin": [0,0],
    "layer0.opacity": 1
},
// Standard vertical scroll puck
{
    "class": "puck_control",
    "layer0.texture": "",
    "layer0.tint":[240,240,240],
    "layer0.opacity": 1,
    "layer0.inner_margin": [0,0],
    "content_margin": [6,0],
    "blur": false
},
// Standard horizontal scroll puck
{
    "class": "puck_control",
    "attributes": ["horizontal"],
    "layer0.texture": "",
    "layer0.tint":[200,200,200],
    "layer0.inner_margin": [0,0],
    "content_margin": [12,6],
    "blur": false
},

//
// OVERLAY SCROLLBARS
//

// Overlay toggle scroll bar
{
    "class": "scroll_area_control",
    "settings": ["overlay_scroll_bars"],
    "overlay": true
},
{
    "class": "scroll_area_control",
    "settings": ["!overlay_scroll_bars"],
    "overlay": false
},
// Overlay vertical scroll bar
{
    "class": "scroll_bar_control",
    "settings": ["overlay_scroll_bars"],
    "layer0.texture": "",
    "layer0.tint": [200,200,200],
    "layer0.inner_margin": 0,
    "blur": false
},
// Overlay horizontal scroll bar
{
    "class": "scroll_bar_control",
    "settings": ["overlay_scroll_bars"],
    "attributes": ["horizontal"],
    "layer0.inner_margin": [5,0],
    "blur": true
},
// Overlay vertical puck
{
    "class": "puck_control",
    "settings": ["overlay_scroll_bars"],
    "layer0.texture": "",
    "layer0.inner_margin": [0,5],
    "content_margin": [5,20],
    "blur": true
},
// Overlay horizontal puck
{
    "class": "puck_control",
    "settings": ["overlay_scroll_bars"],
    "attributes": ["horizontal"],
    "layer0.texture": "",
    "layer0.inner_margin": [5,0],
    "content_margin": [20,5],
    "blur": true
},
// Overlay light puck (for dark content)
{
    "class": "puck_control",
    "settings": ["overlay_scroll_bars"],
    "attributes": ["dark"],
    "layer0.texture": "",
    "layer0.tint": [200,200,200]

},
// Overlay light horizontal puck (for dark content)
{
    "class": "puck_control",
    "settings": ["overlay_scroll_bars"],
    "attributes": ["horizontal","dark"],
    "layer0.texture": "",
    "layer0.tint": [200,200,200]
},


//
// SIDEBAR
//

// Sidebar container
{
    "class": "sidebar_container",
    // "layer0.texture": "{{folderName}}/Centurion/folder-closed.png",
    "layer0.opacity": 1,
    "layer0.tint": [200, 200, 200],
    "layer0.draw_center": false,
    "layer0.inner_margin": [1,5,2,1],
    "content_margin": [0,4,0,0]
},
// Sidebar tree
{
    "class": "sidebar_tree",
    "row_padding": [8,3],
    "indent":16,
    "indent_offset": 0,
    "indent_top_level": false,
    "layer0.tint": [200, 200, 200],
    "layer0.opacity": 1.0,
    "dark_content": true
},

// Sidebar rows
{
    "class": "tree_row",
    "layer0.texture": "",
    "layer0.tint": [160,160,160],
    "layer0.opacity": 0,
    "layer0.inner_margin": [1,1]
},
// Sidebar row selected
{
    "class": "tree_row",
    "attributes": ["selected"],
    "layer0.opacity": 1
},
// Sidebar heading
{
    "class": "sidebar_heading",
    "color": [100,100,100],
    "font.bold": true,
    "shadow_color": [0,0,0],
    "shadow_offset": [0,0]
},
// Sidebar heading selected
{
    "class": "sidebar_heading",
    "parents": [{"class": "tree_row","attributes": ["selected"]}],
    "shadow_offset": [0,0]
},
// Sidebar entry
{
    "class": "sidebar_label",
    "color": [100,100,100],
    "shadow_color": [0,0,0],
    "shadow_offset": [0,0]
},







// Sidebar folder entry
{
    "class": "sidebar_label",
    "parents": [{"class": "tree_row","attributes": ["expandable"]}],
    "font.bold": false,
    "font.italic": false,
    "color": [100,100,100]
},
{
    "class": "sidebar_label",
    "parents": [{"class": "tree_row","attributes": ["expandable","hover"]}],    
    "color": [40,40,40]
},
{
    "class": "sidebar_label",
    "parents": [{"class": "tree_row","attributes": ["expandable"]}],
    "settings": ["bold_folder_labels"],
    "font.bold": true
},
// Sidebar entry selected
{
    "class": "sidebar_label",
    "parents": [{"class": "tree_row","attributes": ["selected"]}],
    "color": [100,100,100],
    "shadow_color": [0,0,0],
    "shadow_offset": [0,0]
},




//
// SIDEBAR - OPEN FILE ICONS
//

// Sidebar file close
{
    "class": "close_button",
    "layer0.texture": "",
    "layer0.opacity": 0,
    "layer0.inner_margin": 0,
    "layer0.tint": {{red}},
    "content_margin": 0
},
{
    "class": "close_button",
    "parents": [{"class": "tree_row","attributes": ["hover"]}],
    "layer0.opacity": 1,
    "layer0.texture": "{{folderName}}/Centurion/cross.png"
},
// Sidebar file dirty
{
    "class": "close_button",
    "attributes": ["dirty"],
    "layer0.texture": "{{folderName}}/Centurion/circle.png",
    "layer0.opacity": 1,
    "layer0.tint": {{blue}}
},
{
    "class": "close_button",
    "attributes": ["dirty"],
    "parents": [{"class": "tree_row","attributes": ["selected"]}],
    "layer0.texture": "{{folderName}}/Centurion/cross.png"
},
{
    "class": "close_button",
    "attributes": ["dirty"],
    "parents": [{"class": "tree_row","attributes": ["hover"]}],
    "layer0.texture": "{{folderName}}/Centurion/cross.png",
    "layer0.opacity": 1
},
// Sidebar file close hover
{
    "class": "close_button",
    "attributes": ["hover"],
    "layer0.texture": "{{folderName}}/Centurion/cross.png"
},
{
    "class": "close_button",
    "parents": [{"class": "tree_row","attributes": ["hover","selected"]}],
    "layer0.texture": "{{folderName}}/Centurion/cross.png",
    "layer0.opacity": 1
},

//
// SIDEBAR - GENERAL FILE ICONS
//

{
    "class": "icon_folder",
    "layer0.texture": "{{folderName}}/Centurion/folder-closed.png",
    "content_margin": 8,
    "layer0.tint": {{green}}
},
{
    "class": "icon_folder",
    "parents": [{ "class": "tree_row", "attributes": ["expanded"] }],
    "layer0.texture": "{{folderName}}/Centurion/folder-open.png"
},
{
    "class": "icon_folder",
    "settings": ["centurion_color_red"],
    "layer0.tint": {{red}}
},
{
    "class": "icon_folder",
    "settings": ["centurion_color_blue"],
    "layer0.tint": {{blue}}
},
{
    "class": "icon_folder",
    "settings": ["centurion_color_yellow"],
    "layer0.tint": {{yellow}}
},
{
    "class": "icon_folder",
    "settings": ["centurion_color_orange"],
    "layer0.tint": {{orange}}
},
{
    "class": "icon_folder",
    "settings": ["centurion_color_grey"],
    "layer0.tint": {{grey}}
},

{
    "class": "icon_file_type",
    // "layer0.texture": "{{folderName}}/Centurion/file.png",
    "layer0.opacity": 1,
    "layer0.tint": [110,110,110],
    "content_margin": [8,8]
},

// DISCOSURES

{
    "class": "disclosure_button_control",
    "layer0.texture": "Theme - Default/arrow_right.png",
    "layer0.opacity": 0.8,
    "content_margin": [9, 7, 8, 6],
    "content_margin": 0,
    "layer0.tint": {{green}},
    "layer0.inner_margin": 0
},
{
    "class": "disclosure_button_control",
    "settings": ["centurion_color_red"],
    "layer0.tint": {{red}}
},
{
    "class": "disclosure_button_control",
    "settings": ["centurion_color_blue"],
    "layer0.tint": {{blue}}
},
{
    "class": "disclosure_button_control",
    "settings": ["centurion_color_yellow"],
    "layer0.tint": {{yellow}}
},
{
    "class": "disclosure_button_control",
    "settings": ["centurion_color_orange"],
    "layer0.tint": {{orange}}
},
{
    "class": "disclosure_button_control",
    "settings": ["centurion_color_grey"],
    "layer0.tint": {{grey}}
},


{
    "class": "disclosure_button_control",
    "parents": [{"class": "tree_row","attributes": ["hover"]}],
    "layer0.opacity": 1
},
{
    "class": "disclosure_button_control",
    "attributes": ["expanded"],
    "layer0.texture": "Theme - Default/arrow_down.png"
},
{
    "class": "disclosure_button_control",
    "settings": ["centrion_hide_folder_arrows"],
    "content_margin": 0
},

{
    "class": "icon_folder_loading",
    "layer0.texture":
    {
        "keyframes":
        [
            "Theme - Default/icons/spinner7.png",
            "Theme - Default/icons/spinner6.png",
            "Theme - Default/icons/spinner5.png",
            "Theme - Default/icons/spinner4.png",
            "Theme - Default/icons/spinner3.png",
            "Theme - Default/icons/spinner2.png",
            "Theme - Default/icons/spinner1.png",
            "Theme - Default/icons/spinner.png"
        ],
        "loop": true,
        "frame_time": 0.075
    },

    "layer0.opacity": 1.0,
    "content_margin": [8, 8]
}
,

//
// STATUS BAR
//

// Status bar container
{
    "class": "status_bar",
    "layer0.texture": "",
    "layer0.tint": [200,200,200],
    "layer0.opacity": 1,
    "layer0.inner_margin": [0,0],
    "content_margin": [8,4,0,4]
},
{
    "class": "status_container",
    "content_margin": 0
},
// Status bar button
{
    "class": "status_button",
    "layer0.tint": [40, 40, 40],
    "layer0.opacity": 0,
    "layer0.draw_center": false,
    "layer0.inner_margin": [1, 0, 0, 0],
    "content_margin": [8,0],
    "min_size": [0, 0]
},
// Status bar label
{
    "class": "label_control",
    "parents": [{"class": "status_bar"}],
    "color": [150,150,150],
    "shadow_offset": [0,0]
},

//
// TAB BUTTONS
//

// Tab close button
{
    "class": "tab_close_button",
    "layer0.texture": "{{folderName}}/Centurion/cross.png",
    "layer0.opacity": 0,
    "content_margin": [8,8],
    "layer0.tint": [255,255,255]
},
{
    "class": "tab_close_button",
    "settings": ["show_tab_close_buttons"],
    "layer0.opacity": 0.5
},
{
    "class": "tab_close_button",
    "parents": [{"class": "tab_control","attributes": ["hover"]}],
    "layer0.opacity": 1,
    "layer0.tint": {{red}}

},
{
    "class": "tab_close_button",
    "parents": [{"class": "tab_control","attributes": ["selected"]}],
    "layer0.opacity": 1
},

// Tab dirty button
{
    "class": "tab_close_button",
    "parents": [{"class": "tab_control","attributes": ["dirty"]}],
    "layer0.texture": "{{folderName}}/Centurion/circle.png",
    "layer0.tint": {{blue}},
    "layer0.opacity": 1
},
{
    "class": "tab_close_button",
    "settings": ["!show_tab_close_buttons"],
    "parents": [{"class": "tab_control","attributes": ["dirty"]}],
    "content_margin": [8,8],
    "layer0.opacity": 1
},
{
    "class": "tab_close_button",
    "parents": [{"class": "tab_control","attributes": ["dirty","hover"]}],
    "layer0.texture": "{{folderName}}/Centurion/cross.png",
    "layer0.opacity": 1
},
{
    "class": "tab_close_button",
    "parents": [{"class": "tab_control","attributes": ["dirty","selected"]}]
},

// Tab highlight button
{
    "class": "tab_close_button",
    "settings": ["highlight_modified_tabs"],
    "parents": [{"class": "tab_control","attributes": ["dirty"]}]
},
{
    "class": "tab_close_button",
    "settings": ["highlight_modified_tabs"],
    "parents": [{"class": "tab_control","attributes": ["dirty","selected"]}]
},

// Tab close button hover
{
    "class": "tab_close_button",
    "settings": ["show_tab_close_buttons"],
    "attributes": ["hover"]
},

// Tab close button pressed
{
    "class": "tab_close_button",
    "settings": ["show_tab_close_buttons"],
    "attributes": ["pressed"],
    "layer0.opacity":0.8
},
//
// TAB LABELS
//

{
    "class": "tab_label",
    "fade": true,
    "fg": [100,100,100],
    "shadow_offset": 0
},
{
    "class": "tab_label",
    "parents": [{"class": "tab_control","attributes": ["hover"]}],
    "fg": [40,40,40]
},
{
    "class": "tab_label",
    "parents": [{"class": "tab_control","attributes": ["selected"]}],
    "fg": [100,100,100]
},
//
// TABS (REGULAR)
//

// Tab set
{
    "class": "tabset_control",
    "layer0.texture": "",
    "layer0.tint": [200,200,200],
    "layer0.inner_margin": 0,
    "layer0.opacity": 1,
    "content_margin": 0,
    "tab_overlap":0,
    "tab_width": 180,
    "tab_min_width": 45,
    "tab_height": 28,
    "mouse_wheel_switch": false
},
{
    "class": "tabset_control",
    "settings": ["mouse_wheel_switches_tabs", "enable_tab_scrolling"],
    "mouse_wheel_switch": true
},
// Tab element
{
    "class": "tab_control",
    "content_margin": [8,0],
    "max_margin_trim": 0,
    "hit_test_level": 0,
    "layer0.texture": null,
    "layer0.tint": [200,200,200],
    "layer0.inner_margin": [5,5],
    "layer0.opacity": 1
},
// Tab close state
{
    "class": "tab_control",
    "settings": ["show_tab_close_buttons"],
    "content_margin": [8,0]
},
// Tab hover state
{
    "class": "tab_control",
    "attributes": ["hover"],
    "layer0.texture": ""
},
// Tab active state
{
    "class": "tab_control",
    "attributes": ["selected"],
    "layer0.texture": "",
    "layer0.tint": [179,179,179]
},



// tab set scroll left scroll right
{
    "class": "scroll_tabs_left_button",
    "content_margin": 0
},
{
    "class": "scroll_tabs_left_button",
    "settings": ["centurion_tab_scrolling"],
    "content_margin": [9, 7, 8, 6],
    "layer0.opacity": 1
},
{
    "class": "scroll_tabs_right_button",
    "content_margin": 0
},
{
    "class": "scroll_tabs_right_button",
    "settings": ["centurion_tab_scrolling"],
    "content_margin": [9, 7, 8, 6],
    "layer0.opacity": 1
},

{
    "class": "show_tabs_dropdown_button",
    "content_margin": 0
},
{
    "class": "show_tabs_dropdown_button",
    "settings": ["centurion_tab_scrolling"],
    "content_margin": [9, 7, 8, 6],
    "layer0.opacity": 1
},


//
// EMPTY WINDOW BACKGROUND
//

{
    "class": "sheet_container_control",
    "layer0.tint": [200,200,200]
},

//
// GRID LAYOUT
//

{
    "class": "grid_layout_control",
    "border_size": 1,
    "border_color": [200,200,200]
},

//
// MINI MAP
//

{
    "class": "minimap_control",
    "viewport_color": [0,0,0,30]
},

//
// TEXT INPUT FIELD
//

// Text input field item
{
    "class": "text_line_control",
    "layer0.opacity": 1.0,
    "layer0.inner_margin": [4, 5, 4, 3],
    "layer0.tint": [180,180,180],
    "content_margin": 8
},

//
// PANEL BACKGROUNDS
//

// Bottom panel background
{
    "class": "panel_control",
    "layer0.inner_margin": [0,0],
    "layer0.texture": "",
    "layer0.opacity": 1,
    "layer0.tint": [200,200,200],
    "content_margin": 0
},

//
// LABELS
//

// General labels
{
    "class": "label_control",
    "color": [40,40,40]
},

// Text field labels
{
    "class": "label_control",
    "parents": [{"class": "panel_control"}]
},

// Button labels
{
    "class": "label_control",
    "parents": [{"class": "button_control"}]
},

//
// TOOLTIP
//

// Tooltip container
{
    "class": "tool_tip_control",
    "layer0.texture": "",
    "layer0.tint": [140,140,140],
    "layer0.inner_margin": [1,1],
    "layer0.opacity": 1,
    "content_margin": [4,4]
},
// Tooltip content
{
    "class": "tool_tip_label_control",
    "color": [40,40,40]
},{"class": "grunt"}]